Num_Acc;senc;catv;occutc;obs;obsm;choc;manv;num_veh
201200052340;0;1;0;0.0;2.0;7.0;1.0;B01
201200052344;0;1;0;0.0;2.0;1.0;2.0;A01
201200052846;0;1;0;0.0;2.0;1.0;1.0;B01
201200052849;0;1;0;0.0;2.0;1.0;1.0;B01
201200052851;0;1;0;0.0;2.0;2.0;1.0;A01
201200052882;0;1;0;0.0;2.0;1.0;1.0;A01
201200052899;0;1;0;15.0;0.0;1.0;1.0;B01
201200052914;0;1;0;0.0;2.0;4.0;1.0;B01
201200052921;0;1;0;0.0;2.0;1.0;1.0;B01
201200052929;0;1;0;16.0;0.0;8.0;15.0;A01
201200052937;0;1;0;0.0;2.0;1.0;18.0;B01
201200053477;0;1;0;0.0;2.0;1.0;1.0;A01
201200053486;0;1;0;0.0;1.0;1.0;1.0;A01
201200053488;0;1;0;0.0;0.0;0.0;7.0;A01
201200053503;0;1;0;0.0;1.0;1.0;1.0;A01
201200053504;0;1;0;0.0;2.0;1.0;2.0;A01
201200053523;0;1;0;1.0;0.0;1.0;18.0;A01
201200053536;0;1;0;0.0;2.0;1.0;1.0;B01
201200053540;0;1;0;0.0;2.0;2.0;1.0;B01
201200053541;0;1;0;0.0;2.0;1.0;2.0;B01
201200053543;0;1;0;0.0;2.0;7.0;1.0;B01
201200053550;0;1;0;0.0;2.0;3.0;7.0;B01
201200053555;0;1;0;0.0;0.0;0.0;1.0;A01
201200053563;0;1;0;8.0;0.0;1.0;1.0;A01
201200053569;0;1;0;15.0;0.0;1.0;1.0;A01
201200053570;0;1;0;0.0;2.0;1.0;7.0;A01
201200053571;0;1;0;0.0;2.0;1.0;7.0;B01
201200053587;0;1;0;0.0;1.0;0.0;1.0;A01
201200053595;0;1;0;0.0;0.0;8.0;7.0;B01
201200053613;0;1;0;0.0;1.0;7.0;16.0;A01
201200053636;0;1;0;0.0;2.0;1.0;5.0;A01
201200053643;0;1;0;8.0;0.0;2.0;14.0;A01
201200053647;0;1;0;0.0;0.0;1.0;1.0;A01
201200053648;0;1;0;0.0;0.0;0.0;16.0;A01
201200053662;0;1;0;0.0;2.0;3.0;7.0;A01
201200053664;0;1;0;0.0;1.0;1.0;7.0;A01
201200053672;0;1;0;0.0;2.0;1.0;17.0;B01
201200053673;0;1;0;0.0;1.0;1.0;1.0;A01
201200053705;0;1;0;0.0;2.0;7.0;15.0;A01
201200053707;0;1;0;0.0;1.0;7.0;1.0;A01
201200053713;0;1;0;0.0;0.0;0.0;1.0;A01
201200053723;0;1;0;0.0;1.0;1.0;1.0;A01
201200053741;0;1;0;0.0;2.0;0.0;9.0;B01
201200053742;0;1;0;0.0;1.0;1.0;18.0;A01
201200053749;0;1;0;0.0;2.0;1.0;1.0;B01
201200053750;0;1;0;0.0;2.0;2.0;12.0;A01
201200053754;0;1;0;0.0;1.0;1.0;1.0;A01
201200053755;0;1;0;0.0;2.0;3.0;1.0;B01
201200053757;0;1;0;0.0;2.0;7.0;1.0;B01
201200053768;0;1;0;0.0;2.0;1.0;1.0;A01
201200053777;0;1;0;0.0;1.0;1.0;1.0;A01
201200053780;0;1;0;0.0;0.0;0.0;15.0;A01
201200053784;0;1;0;0.0;2.0;7.0;17.0;B01
201200053785;0;1;0;0.0;1.0;1.0;1.0;A01
201200053789;0;1;0;0.0;2.0;1.0;1.0;B01
201200053791;0;1;0;0.0;2.0;2.0;17.0;A01
201200053801;0;1;0;0.0;2.0;5.0;7.0;B01
201200053802;0;1;0;0.0;2.0;2.0;15.0;B01
201200053806;0;1;0;0.0;2.0;4.0;15.0;B01
201200053817;0;1;0;0.0;0.0;8.0;5.0;A01
201200053822;0;1;0;0.0;2.0;0.0;13.0;A01
201200053822;0;1;0;0.0;2.0;7.0;1.0;B01
201200053823;0;1;0;0.0;2.0;4.0;7.0;B01
201200053827;0;1;0;0.0;0.0;0.0;1.0;A01
201200053829;0;1;0;0.0;0.0;0.0;21.0;A01
201200053831;0;1;0;0.0;2.0;8.0;19.0;A01
201200053842;0;1;0;0.0;2.0;8.0;1.0;B01
201200053851;0;1;0;0.0;0.0;3.0;15.0;B01
201200053867;0;1;0;0.0;2.0;8.0;13.0;B01
201200053872;0;1;0;0.0;2.0;1.0;1.0;B01
201200053878;0;1;0;0.0;1.0;1.0;1.0;A01
201200053879;0;1;0;0.0;2.0;7.0;1.0;B01
201200053881;0;1;0;0.0;2.0;3.0;1.0;A01
201200053882;0;1;0;0.0;1.0;7.0;1.0;A01
201200053883;0;1;0;0.0;2.0;3.0;19.0;A01
201200053891;0;1;0;0.0;2.0;8.0;13.0;B01
201200053894;0;1;0;0.0;1.0;1.0;17.0;A01
201200053899;0;1;0;0.0;2.0;4.0;1.0;A01
201200053901;0;1;0;0.0;0.0;1.0;1.0;A01
201200053907;0;1;0;0.0;2.0;1.0;1.0;B01
201200053911;0;1;0;0.0;2.0;3.0;7.0;B01
201200053914;0;1;0;0.0;0.0;4.0;7.0;B01
201200053919;0;1;0;12.0;0.0;1.0;14.0;A01
201200053922;0;1;0;0.0;2.0;1.0;17.0;B01
201200053923;0;1;0;0.0;2.0;8.0;13.0;A01
201200053925;0;1;0;0.0;0.0;1.0;1.0;A01
201200053927;0;1;0;0.0;2.0;2.0;18.0;A01
201200053930;0;1;0;0.0;1.0;1.0;1.0;A01
201200053932;0;1;0;0.0;2.0;1.0;7.0;B01
201200053935;0;1;0;0.0;2.0;4.0;15.0;B01
201200053937;0;1;0;0.0;2.0;1.0;1.0;B01
201200053941;0;1;0;0.0;2.0;3.0;1.0;B01
201200053945;0;1;0;0.0;2.0;7.0;17.0;B01
201200053948;0;1;0;0.0;2.0;2.0;17.0;A01
201200053951;0;1;0;0.0;2.0;1.0;5.0;A01
201200053961;0;1;0;0.0;2.0;1.0;7.0;B01
201200053965;0;1;0;0.0;1.0;1.0;1.0;A01
201200053966;0;1;0;0.0;1.0;1.0;7.0;A01
201200053973;0;1;0;1.0;0.0;1.0;7.0;B01
201200053980;0;1;0;0.0;2.0;4.0;2.0;B01
201200053983;0;1;0;0.0;2.0;0.0;7.0;B01
201200053983;0;1;0;0.0;2.0;0.0;7.0;A01
201200053986;0;1;0;0.0;2.0;0.0;1.0;A01
201200053994;0;1;0;0.0;2.0;1.0;1.0;B01
201200053997;0;1;0;0.0;2.0;1.0;7.0;B01
201200054004;0;1;0;0.0;2.0;7.0;1.0;A01
201200054006;0;1;0;15.0;2.0;1.0;1.0;B01
201200054023;0;1;0;0.0;2.0;8.0;1.0;B01
201200054025;0;1;0;0.0;2.0;7.0;19.0;B01
201200054032;0;1;0;0.0;2.0;8.0;19.0;B01
201200054036;0;1;0;0.0;2.0;3.0;1.0;B01
201200054043;0;1;0;0.0;2.0;1.0;7.0;A01
201200054047;0;1;0;0.0;2.0;8.0;7.0;B01
201200054057;0;1;0;0.0;1.0;2.0;1.0;A01
201200054060;0;1;0;0.0;2.0;1.0;2.0;A01
201200054061;0;1;0;0.0;2.0;7.0;17.0;A01
201200054063;0;1;0;0.0;0.0;4.0;15.0;B01
201200054068;0;1;0;0.0;2.0;3.0;1.0;A01
201200054069;0;1;0;0.0;2.0;3.0;1.0;B01
201200054082;0;1;0;0.0;2.0;1.0;2.0;A01
201200054082;0;1;0;0.0;2.0;4.0;23.0;B01
201200054088;0;1;0;1.0;2.0;1.0;7.0;B01
201200054103;0;1;0;0.0;2.0;4.0;1.0;A01
201200054104;0;1;0;0.0;1.0;1.0;1.0;A01
201200054110;0;1;0;0.0;2.0;1.0;1.0;B01
201200054113;0;1;0;0.0;2.0;8.0;13.0;A01
201200054113;0;1;0;0.0;2.0;7.0;17.0;B01
201200054117;0;1;0;0.0;2.0;1.0;1.0;A01
201200054118;0;1;0;0.0;2.0;6.0;19.0;A01
201200054120;0;1;0;0.0;1.0;1.0;1.0;A01
201200054129;0;1;0;0.0;2.0;8.0;13.0;B01
201200054140;0;1;0;0.0;2.0;1.0;17.0;A01
201200054146;0;1;0;0.0;2.0;8.0;15.0;B01
201200054169;0;1;0;0.0;0.0;1.0;5.0;A01
201200054177;0;1;0;0.0;2.0;1.0;16.0;B01
201200054180;0;1;0;0.0;2.0;6.0;1.0;B01
201200054181;0;1;0;0.0;2.0;1.0;2.0;A01
201200054184;0;1;0;0.0;2.0;6.0;19.0;A01
201200054190;0;1;0;0.0;2.0;1.0;7.0;B01
201200054195;0;1;0;0.0;2.0;1.0;7.0;B01
201200054203;0;1;0;0.0;2.0;2.0;1.0;B01
201200054205;1;1;0;0.0;2.0;0.0;2.0;A01
201200054222;0;1;0;0.0;2.0;7.0;7.0;A01
201200054224;0;1;0;0.0;2.0;1.0;15.0;A01
201200054226;0;1;0;0.0;2.0;3.0;19.0;B01
201200054235;0;1;0;0.0;0.0;0.0;1.0;A01
201200054240;0;1;0;1.0;0.0;0.0;21.0;A01
201200054242;0;1;0;0.0;0.0;0.0;21.0;A01
201200054244;0;1;0;1.0;0.0;0.0;1.0;B01
201200054259;0;1;0;0.0;2.0;1.0;1.0;B01
201200054268;0;1;0;0.0;0.0;0.0;7.0;A01
201200054270;0;1;0;0.0;2.0;6.0;2.0;A01
201200054272;0;1;0;0.0;1.0;3.0;1.0;A01
201200054274;0;1;0;0.0;2.0;1.0;1.0;A01
201200054280;0;1;0;0.0;2.0;0.0;16.0;A01
201200054287;0;1;0;0.0;1.0;7.0;5.0;A01
201200054291;0;1;0;0.0;0.0;0.0;1.0;A01
201200054296;0;1;0;0.0;1.0;2.0;5.0;A01
201200054298;0;1;0;0.0;2.0;1.0;1.0;B01
201200054303;0;1;0;0.0;2.0;6.0;7.0;B01
201200054317;0;1;0;0.0;2.0;8.0;1.0;B01
201200054324;0;1;0;0.0;2.0;8.0;8.0;A01
201200054334;0;1;0;0.0;2.0;8.0;7.0;B01
201200054347;0;1;0;1.0;0.0;1.0;1.0;B01
201200054351;0;1;0;1.0;1.0;8.0;1.0;A01
201200054377;0;1;0;0.0;0.0;7.0;23.0;B01
201200054383;0;1;0;1.0;0.0;1.0;1.0;B01
201200054384;0;1;0;0.0;2.0;2.0;11.0;A01
201200054386;0;1;0;0.0;2.0;4.0;15.0;B01
201200054387;0;1;0;0.0;2.0;2.0;7.0;B01
201200054401;0;1;0;0.0;0.0;1.0;14.0;A01
201200054405;0;1;0;0.0;0.0;0.0;1.0;A01
201200054409;0;1;0;0.0;2.0;3.0;5.0;B01
201200054420;0;1;0;0.0;2.0;1.0;1.0;B01
201200054445;0;1;0;0.0;1.0;4.0;1.0;A01
201200054446;0;1;0;0.0;2.0;8.0;1.0;B01
201200054453;0;1;0;0.0;2.0;4.0;15.0;C01
201200054463;0;1;0;0.0;2.0;1.0;2.0;A01
201200054466;0;1;0;12.0;0.0;1.0;1.0;A01
201200054481;0;1;0;0.0;2.0;8.0;1.0;B01
201200054486;0;1;0;0.0;2.0;1.0;1.0;B01
201200054490;0;1;0;0.0;1.0;0.0;1.0;A01
201200054492;0;1;0;0.0;2.0;3.0;18.0;A01
201200054493;0;1;0;0.0;0.0;0.0;7.0;A01
201200054500;0;1;0;0.0;2.0;8.0;13.0;A01
201200054508;0;1;0;0.0;2.0;5.0;19.0;A01
201200054514;0;1;0;14.0;0.0;1.0;18.0;B01
201200054532;0;1;0;0.0;2.0;7.0;14.0;B01
201200054542;0;1;0;0.0;2.0;4.0;2.0;B01
201200054543;0;1;0;0.0;2.0;3.0;1.0;A01
201200054547;0;1;0;0.0;2.0;8.0;1.0;B01
201200054550;0;1;0;0.0;2.0;2.0;17.0;B01
201200054572;0;1;0;0.0;2.0;3.0;16.0;B01
201200054608;0;1;0;0.0;2.0;3.0;7.0;A01
201200054621;0;1;0;11.0;0.0;1.0;13.0;A01
201200054629;0;1;0;1.0;0.0;3.0;1.0;B01
201200054632;0;1;0;0.0;2.0;3.0;15.0;A01
201200054644;0;1;0;0.0;2.0;1.0;1.0;A01
201200054649;0;1;0;0.0;0.0;0.0;1.0;A01
201200054652;0;1;0;0.0;2.0;8.0;23.0;B01
201200054695;0;1;0;0.0;2.0;8.0;1.0;B01
201200054700;0;1;0;0.0;0.0;0.0;1.0;A01
201200054711;0;1;0;0.0;1.0;1.0;7.0;A01
201200054716;0;1;0;0.0;0.0;3.0;21.0;A01
201200054720;0;1;0;0.0;0.0;4.0;1.0;B01
201200054720;0;1;0;0.0;0.0;4.0;1.0;C01
201200054727;0;1;0;0.0;2.0;2.0;1.0;A01
201200054729;0;1;0;0.0;0.0;4.0;13.0;B01
201200054736;0;1;0;0.0;0.0;1.0;1.0;B01
201200054760;0;1;0;0.0;2.0;1.0;1.0;B01
201200054785;0;1;0;0.0;2.0;8.0;1.0;B01
201200054795;0;1;0;0.0;2.0;7.0;1.0;B01
201200054801;0;1;0;0.0;2.0;1.0;18.0;B01
201200054810;0;1;0;0.0;2.0;8.0;13.0;A01
201200054822;1;1;0;0.0;1.0;0.0;5.0;Z01
201200054852;0;1;0;0.0;2.0;7.0;1.0;A01
201200054870;0;1;0;0.0;2.0;7.0;1.0;B01
201200054880;0;1;0;0.0;1.0;1.0;15.0;A01
201200054884;0;1;0;0.0;2.0;1.0;5.0;A01
201200054895;0;1;0;0.0;1.0;1.0;1.0;A01
201200054901;0;1;0;0.0;2.0;8.0;15.0;A01
201200054907;0;1;0;0.0;0.0;0.0;1.0;A01
201200054934;0;1;0;0.0;0.0;0.0;1.0;A01
201200054962;0;1;0;1.0;0.0;1.0;1.0;B01
201200054975;0;1;0;0.0;2.0;1.0;1.0;B01
201200054986;0;1;0;0.0;2.0;3.0;7.0;B01
201200054995;0;1;0;0.0;2.0;7.0;17.0;B01
201200055019;0;1;0;0.0;2.0;8.0;1.0;B01
201200055042;0;1;0;0.0;2.0;3.0;1.0;B01
201200055054;0;1;0;1.0;0.0;2.0;1.0;A01
201200055059;0;1;0;0.0;2.0;0.0;19.0;A01
201200055065;0;1;0;0.0;1.0;1.0;18.0;A01
201200055066;0;1;0;1.0;0.0;1.0;18.0;B01
201200055090;0;1;0;0.0;2.0;2.0;1.0;B01
201200055091;0;1;0;0.0;2.0;3.0;15.0;A01
201200055092;0;1;0;0.0;1.0;1.0;1.0;A01
201200055093;0;1;0;0.0;0.0;0.0;21.0;A01
201200055101;0;1;0;0.0;2.0;4.0;13.0;B01
201200055113;0;1;0;0.0;2.0;4.0;1.0;A01
201200055116;0;1;0;0.0;2.0;4.0;13.0;A01
201200055119;0;1;0;0.0;0.0;1.0;1.0;B01
201200055135;1;1;0;0.0;1.0;8.0;5.0;Z01
201200055136;0;1;0;0.0;2.0;1.0;17.0;B01
201200055137;0;1;0;0.0;1.0;1.0;1.0;A01
201200055140;0;1;0;0.0;1.0;1.0;1.0;A01
201200055144;0;1;0;0.0;2.0;0.0;5.0;A01
201200055146;0;1;0;0.0;2.0;1.0;18.0;B01
201200055147;0;1;0;0.0;2.0;8.0;7.0;B01
201200055149;0;1;0;0.0;0.0;0.0;1.0;A01
201200055160;0;1;0;0.0;2.0;8.0;5.0;A01
201200055174;0;1;0;0.0;2.0;3.0;1.0;B01
201200055193;0;1;0;0.0;2.0;2.0;7.0;B01
201200055223;0;1;0;0.0;2.0;1.0;1.0;B01
201200055225;0;1;0;0.0;2.0;1.0;1.0;B01
201200055233;0;1;0;0.0;1.0;1.0;1.0;A01
201200055236;0;1;0;0.0;1.0;0.0;1.0;A01
201200055241;0;1;0;0.0;2.0;2.0;1.0;A01
201200055245;0;1;0;0.0;2.0;4.0;1.0;A01
201200055251;0;1;0;0.0;1.0;1.0;1.0;A01
201200055256;0;1;0;0.0;2.0;0.0;1.0;A01
201200055289;0;1;0;0.0;1.0;8.0;5.0;A01
201200055294;0;1;0;0.0;0.0;7.0;1.0;A01
201200055312;0;1;0;0.0;2.0;1.0;1.0;A01
201200055315;0;1;0;0.0;2.0;1.0;2.0;B01
201200055320;0;1;0;0.0;2.0;2.0;5.0;A01
201200055321;0;1;0;0.0;2.0;3.0;1.0;A01
201200055323;0;1;0;0.0;2.0;2.0;16.0;A01
201200055325;0;1;0;0.0;2.0;1.0;1.0;B01
201200055343;0;1;0;1.0;1.0;1.0;1.0;A01
201200055347;0;1;0;0.0;2.0;1.0;1.0;B01
201200055356;1;1;0;0.0;1.0;0.0;1.0;A01
201200055357;1;1;0;0.0;1.0;1.0;5.0;Z01
201200055364;0;1;0;0.0;2.0;1.0;1.0;B01
201200055366;0;1;0;0.0;2.0;0.0;1.0;B01
201200055367;0;1;0;0.0;0.0;7.0;15.0;A01
201200055370;0;1;0;0.0;2.0;1.0;1.0;A01
201200055382;0;1;0;0.0;2.0;1.0;1.0;B01
201200055385;0;1;0;0.0;1.0;1.0;1.0;A01
201200055388;0;1;0;0.0;2.0;4.0;2.0;A01
201200055389;0;1;0;0.0;2.0;7.0;1.0;A01
201200055395;0;1;0;0.0;2.0;3.0;1.0;B01
201200055397;1;1;0;0.0;2.0;1.0;1.0;Z01
201200055397;0;1;0;0.0;2.0;7.0;1.0;A01
201200055401;0;1;0;8.0;0.0;1.0;1.0;A01
201200055406;0;1;0;0.0;1.0;1.0;1.0;A01
201200055410;0;1;0;0.0;2.0;1.0;1.0;B01
201200055415;0;1;0;0.0;2.0;8.0;1.0;A01
201200055423;0;1;0;0.0;2.0;1.0;1.0;B01
201200055426;0;1;0;0.0;2.0;7.0;1.0;A01
201200055435;0;1;0;0.0;2.0;1.0;1.0;B01
201200055436;0;1;0;0.0;2.0;8.0;1.0;B01
201200055453;0;1;0;0.0;2.0;2.0;2.0;B01
201200055456;0;1;0;1.0;0.0;1.0;1.0;B01
201200055467;0;1;0;0.0;2.0;1.0;2.0;A01
201200055470;0;1;0;0.0;2.0;1.0;17.0;A01
201200055470;0;1;0;0.0;2.0;8.0;13.0;B01
201200055481;0;1;0;0.0;2.0;3.0;1.0;B01
201200055482;0;1;0;0.0;1.0;0.0;7.0;A01
201200055494;0;1;0;0.0;0.0;4.0;11.0;A01
201200055521;0;1;0;0.0;2.0;1.0;1.0;B01
201200055539;0;1;0;0.0;0.0;1.0;1.0;A01
201200055544;0;1;0;0.0;2.0;8.0;1.0;B01
201200055556;0;1;0;0.0;2.0;3.0;13.0;A01
201200055561;0;1;0;8.0;2.0;8.0;1.0;A01
201200055573;0;1;0;8.0;0.0;2.0;15.0;A01
201200055586;0;1;0;0.0;2.0;2.0;14.0;B01
201200055587;0;1;0;1.0;0.0;1.0;1.0;B01
201200055606;0;1;0;0.0;0.0;0.0;1.0;A01
201200055607;0;1;0;0.0;0.0;0.0;1.0;A01
201200055619;0;1;0;1.0;0.0;7.0;1.0;B01
201200055622;0;1;0;0.0;2.0;3.0;13.0;B01
201200055625;0;1;0;0.0;2.0;1.0;1.0;B01
201200055628;0;1;0;1.0;2.0;1.0;18.0;B01
201200055629;0;1;0;0.0;2.0;1.0;1.0;A01
201200055632;0;1;0;0.0;0.0;0.0;1.0;A01
201200055649;0;1;0;0.0;2.0;8.0;1.0;B01
201200055650;0;1;0;0.0;2.0;8.0;1.0;B01
201200055653;0;1;0;0.0;2.0;1.0;1.0;A01
201200055654;0;1;0;0.0;2.0;1.0;1.0;B01
201200055657;0;1;0;0.0;2.0;2.0;19.0;B01
201200055662;0;1;0;0.0;0.0;0.0;21.0;A01
201200055663;0;1;0;0.0;0.0;0.0;1.0;A01
201200055667;0;1;0;0.0;2.0;1.0;23.0;B01
201200055675;0;1;0;0.0;2.0;0.0;10.0;A01
201200055680;0;1;0;0.0;2.0;1.0;2.0;B01
201200055681;0;1;0;0.0;0.0;1.0;7.0;A01
201200055681;0;1;0;0.0;0.0;4.0;7.0;B01
201200055686;0;1;0;0.0;2.0;4.0;23.0;B01
201200055687;1;1;0;0.0;1.0;1.0;1.0;Z01
201200055688;0;1;0;0.0;2.0;8.0;15.0;A01
201200055695;0;1;0;1.0;0.0;1.0;1.0;A01
201200055704;0;1;0;1.0;0.0;1.0;1.0;B01
201200055709;0;1;0;0.0;0.0;0.0;1.0;A01
201200055712;0;1;0;12.0;0.0;0.0;1.0;A01
201200055730;0;1;0;0.0;1.0;1.0;1.0;A01
201200055742;0;1;0;0.0;2.0;1.0;1.0;A01
201200055744;0;1;0;0.0;2.0;0.0;1.0;A01
201200055751;0;1;0;0.0;2.0;1.0;1.0;B01
201200055757;0;1;0;0.0;2.0;1.0;1.0;A01
201200055759;0;1;0;0.0;0.0;0.0;1.0;A01
201200055770;0;1;0;0.0;0.0;0.0;1.0;A01
201200055771;0;1;0;0.0;2.0;2.0;14.0;A01
201200055775;0;1;0;1.0;0.0;2.0;14.0;A01
201200055778;0;1;0;0.0;2.0;0.0;21.0;A01
201200055779;0;1;0;0.0;2.0;3.0;1.0;B01
201200055784;0;1;0;0.0;0.0;1.0;21.0;A01
201200055785;0;1;0;0.0;2.0;4.0;23.0;B01
201200055786;0;1;0;0.0;2.0;1.0;1.0;B01
201200055791;0;1;0;0.0;2.0;1.0;1.0;A01
201200055805;0;1;0;0.0;2.0;1.0;1.0;A01
201200055811;0;1;0;0.0;2.0;7.0;1.0;B01
201200055815;0;1;0;0.0;2.0;4.0;13.0;B01
201200055816;0;1;0;1.0;0.0;1.0;18.0;A01
201200055821;0;1;0;0.0;2.0;1.0;1.0;B01
201200055823;0;1;0;0.0;2.0;1.0;2.0;A01
201200055828;0;1;0;0.0;2.0;2.0;7.0;B01
201200055829;0;1;0;0.0;1.0;1.0;1.0;A01
201200055834;0;1;0;0.0;2.0;1.0;1.0;B01
201200055835;0;1;0;0.0;2.0;1.0;5.0;A01
201200055844;0;1;0;12.0;0.0;1.0;14.0;A01
201200055865;0;1;0;0.0;2.0;6.0;1.0;A01
201200055876;0;1;0;0.0;0.0;8.0;15.0;A01
201200055888;0;1;0;0.0;2.0;6.0;1.0;A01
201200055893;1;1;0;0.0;1.0;2.0;1.0;Z01
201200055913;0;1;0;0.0;2.0;2.0;9.0;B01
201200055918;0;1;0;0.0;2.0;1.0;1.0;A01
201200055959;0;1;0;0.0;2.0;1.0;1.0;B01
201200055963;0;1;0;0.0;2.0;1.0;7.0;B01
201200055967;0;1;0;0.0;2.0;1.0;2.0;B01
201200055967;0;1;0;0.0;2.0;1.0;13.0;A01
201200055980;0;1;0;0.0;2.0;1.0;18.0;B01
201200055995;0;1;0;0.0;2.0;1.0;1.0;B01
201200056000;0;1;0;0.0;2.0;1.0;5.0;A01
201200056007;0;1;0;1.0;2.0;8.0;13.0;B01
201200056031;0;1;0;0.0;2.0;1.0;1.0;B01
201200056033;0;1;0;0.0;0.0;0.0;1.0;A01
201200056042;0;1;0;0.0;2.0;2.0;1.0;A01
201200056043;0;1;0;0.0;2.0;8.0;5.0;B01
201200056051;0;1;0;0.0;2.0;4.0;1.0;A01
201200056053;0;1;0;0.0;2.0;1.0;1.0;B01
201200056055;0;1;0;0.0;2.0;4.0;13.0;A01
201200056061;0;1;0;0.0;2.0;1.0;1.0;B01
201200056061;0;1;0;0.0;2.0;1.0;13.0;A01
201200056062;0;1;0;0.0;2.0;0.0;19.0;A01
201200056070;0;1;0;0.0;2.0;3.0;1.0;A01
201200056073;0;1;0;0.0;1.0;7.0;1.0;A01
201200056075;0;1;0;0.0;2.0;1.0;1.0;B01
201200056084;0;1;0;0.0;2.0;8.0;1.0;B01
201200056093;0;1;0;0.0;2.0;7.0;1.0;B01
201200056098;0;1;0;0.0;0.0;0.0;7.0;A01
201200056099;0;1;0;0.0;2.0;1.0;5.0;A01
201200056109;0;1;0;12.0;2.0;8.0;2.0;B01
201200056112;0;1;0;0.0;0.0;5.0;1.0;B01
201200056115;0;1;0;0.0;2.0;4.0;1.0;B01
201200056118;0;1;0;0.0;2.0;8.0;1.0;B01
201200056130;0;1;0;0.0;1.0;1.0;1.0;A01
201200056137;0;1;0;0.0;2.0;1.0;1.0;B01
201200056142;0;1;0;0.0;2.0;7.0;1.0;B01
201200056150;0;1;0;0.0;2.0;7.0;15.0;A01
201200056151;0;1;0;0.0;2.0;1.0;1.0;B01
201200056157;0;1;0;0.0;2.0;0.0;2.0;B01
201200056157;0;1;0;0.0;2.0;0.0;2.0;A01
201200056164;0;1;0;0.0;2.0;1.0;1.0;B01
201200056180;0;1;0;0.0;2.0;8.0;1.0;B01
201200056188;0;1;0;0.0;2.0;3.0;23.0;B01
201200056189;0;1;0;0.0;2.0;5.0;1.0;B01
201200056192;0;1;0;0.0;2.0;1.0;1.0;B01
201200056195;0;1;0;0.0;1.0;2.0;1.0;A01
201200056211;0;1;0;0.0;0.0;7.0;1.0;A01
201200056213;0;1;0;0.0;2.0;7.0;19.0;B01
201200056215;0;1;0;0.0;2.0;1.0;1.0;B01
201200056218;0;1;0;0.0;2.0;7.0;19.0;B01
201200056236;0;1;0;0.0;1.0;1.0;1.0;A01
201200056239;0;1;0;0.0;2.0;0.0;1.0;B01
201200056247;0;1;0;0.0;2.0;1.0;9.0;A01
201200056252;0;1;0;0.0;2.0;7.0;17.0;B01
201200056253;0;1;0;0.0;2.0;3.0;1.0;B01
201200056277;0;1;0;0.0;1.0;1.0;1.0;A01
201200056297;0;1;0;0.0;0.0;0.0;21.0;A01
201200056305;0;1;0;0.0;2.0;4.0;17.0;A01
201200056310;0;1;0;0.0;2.0;7.0;1.0;B01
201200056311;0;1;0;0.0;2.0;1.0;1.0;A01
201200056318;0;1;0;0.0;2.0;4.0;17.0;B01
201200056326;0;1;0;0.0;1.0;1.0;1.0;A01
201200056335;0;1;0;0.0;2.0;8.0;19.0;B01
201200056364;0;1;0;0.0;1.0;1.0;1.0;A01
201200056391;0;1;0;0.0;2.0;4.0;7.0;B01
201200056393;0;1;0;0.0;1.0;8.0;1.0;A01
201200056400;0;1;0;0.0;2.0;3.0;1.0;B01
201200056408;0;1;0;0.0;2.0;1.0;2.0;B01
201200056409;0;1;0;0.0;0.0;0.0;1.0;A01
201200056413;0;1;0;0.0;2.0;1.0;1.0;B01
201200056416;0;1;0;0.0;2.0;1.0;1.0;A01
201200056418;0;1;0;0.0;2.0;7.0;7.0;B01
201200056426;0;1;0;0.0;2.0;0.0;1.0;B01
201200056440;0;1;0;12.0;0.0;1.0;14.0;A01
201200056444;0;1;0;0.0;2.0;1.0;1.0;B01
201200056453;0;1;0;0.0;1.0;1.0;1.0;A01
201200056459;0;1;0;0.0;2.0;7.0;1.0;B01
201200056462;0;1;0;0.0;2.0;7.0;1.0;B01
201200056478;0;1;0;0.0;2.0;8.0;1.0;A01
201200056484;0;1;0;0.0;2.0;2.0;17.0;B01
201200056484;0;1;0;0.0;2.0;3.0;15.0;A01
201200056493;0;1;0;0.0;2.0;8.0;18.0;A01
201200056509;0;1;0;0.0;2.0;2.0;15.0;A01
201200056543;0;1;0;0.0;1.0;1.0;1.0;A01
201200056545;0;1;0;0.0;2.0;4.0;2.0;B01
201200056555;0;1;0;0.0;2.0;2.0;1.0;B01
201200056564;1;1;0;0.0;1.0;1.0;1.0;Z01
201200056570;0;1;0;0.0;1.0;0.0;5.0;A01
201200056600;0;1;0;0.0;2.0;1.0;1.0;B01