Num_Acc;senc;catv;occutc;obs;obsm;choc;manv;num_veh
201200056603;0;1;0;0.0;1.0;1.0;1.0;A01
201200056611;0;1;0;0.0;2.0;1.0;1.0;A01
201200056612;0;1;0;0.0;1.0;1.0;1.0;A01
201200056614;0;1;0;0.0;1.0;1.0;1.0;A01
201200056617;0;1;0;0.0;1.0;1.0;17.0;A01
201200056621;0;1;0;12.0;0.0;8.0;21.0;A01
201200056624;0;1;0;0.0;2.0;4.0;23.0;B01
201200056647;0;1;0;0.0;1.0;1.0;1.0;A01
201200056667;0;1;0;0.0;2.0;1.0;15.0;B01
201200056681;0;1;0;0.0;0.0;0.0;1.0;A01
201200056689;0;1;0;0.0;2.0;8.0;19.0;A01
201200056703;0;1;0;0.0;1.0;1.0;1.0;A01
201200056707;0;1;0;0.0;2.0;6.0;13.0;A01
201200056719;0;1;0;0.0;1.0;1.0;1.0;A01
201200056725;0;1;0;0.0;2.0;7.0;1.0;B01
201200056733;0;1;0;0.0;2.0;1.0;1.0;A01
201200056757;0;1;0;0.0;2.0;7.0;5.0;B01
201200056761;0;1;0;0.0;2.0;1.0;19.0;B01
201200056766;0;1;0;0.0;2.0;2.0;1.0;B01
201200056771;0;1;0;0.0;2.0;7.0;14.0;A01
201200056771;0;1;0;8.0;2.0;8.0;1.0;B01
201200056785;1;1;0;0.0;1.0;0.0;1.0;Z01
201200056787;0;1;0;1.0;0.0;2.0;1.0;B01
201200056797;0;1;0;0.0;2.0;8.0;1.0;B01
201200056805;0;1;0;0.0;1.0;1.0;1.0;A01
201200056822;0;1;0;0.0;2.0;1.0;2.0;A01
201200056830;0;1;0;0.0;2.0;3.0;1.0;B01
201200056836;0;1;0;0.0;2.0;8.0;14.0;A01
201200056853;0;1;0;0.0;0.0;4.0;1.0;B01
201200056862;0;1;0;0.0;0.0;7.0;21.0;A01
201200056875;0;1;0;11.0;0.0;1.0;1.0;A01
201200056894;0;1;0;0.0;0.0;0.0;21.0;A01
201200056908;0;1;0;0.0;2.0;8.0;19.0;B01
201200056921;0;1;0;0.0;2.0;7.0;1.0;B01
201200056922;0;1;0;0.0;0.0;0.0;7.0;A01
201200056943;0;1;0;0.0;2.0;0.0;15.0;A01
201200056945;0;1;0;0.0;2.0;1.0;1.0;B01
201200056956;0;1;0;0.0;2.0;8.0;1.0;B01
201200056970;0;1;0;1.0;0.0;7.0;22.0;B01
201200056994;0;1;0;0.0;2.0;2.0;1.0;B01
201200057024;0;1;0;0.0;2.0;1.0;1.0;B01
201200057037;0;1;0;0.0;2.0;5.0;1.0;B01
201200057042;0;1;0;0.0;0.0;0.0;21.0;A01
201200057046;0;1;0;0.0;2.0;1.0;5.0;A01
201200057053;0;1;0;0.0;2.0;0.0;1.0;B01
201200057071;0;1;0;0.0;2.0;3.0;1.0;B01
201200057074;0;1;0;0.0;2.0;0.0;2.0;B01
201200057086;0;1;0;0.0;2.0;1.0;1.0;B01
201200057101;0;1;0;0.0;2.0;0.0;1.0;B01
201200057103;0;1;0;0.0;2.0;1.0;1.0;B01
201200057108;0;1;0;0.0;2.0;1.0;1.0;B01
201200057109;0;1;0;0.0;2.0;6.0;1.0;B01
201200057111;0;1;0;0.0;2.0;8.0;13.0;A01
201200057112;0;1;0;0.0;2.0;7.0;1.0;B01
201200057120;0;1;0;0.0;1.0;1.0;1.0;A01
201200057122;0;1;0;0.0;2.0;0.0;1.0;B01
201200057137;0;1;0;0.0;2.0;1.0;1.0;B01
201200057148;0;1;0;0.0;2.0;1.0;1.0;A01
201200057157;0;1;0;0.0;2.0;4.0;15.0;B01
201200057161;0;1;0;0.0;2.0;8.0;23.0;B01
201200057164;0;1;0;1.0;0.0;0.0;21.0;A01
201200057165;0;1;0;0.0;2.0;2.0;19.0;B01
201200057174;0;1;0;0.0;2.0;0.0;17.0;A01
201200057175;0;1;0;0.0;2.0;1.0;1.0;B01
201200057180;0;1;0;0.0;2.0;8.0;19.0;B01
201200057182;0;1;0;0.0;2.0;1.0;1.0;B01
201200057194;0;1;0;1.0;0.0;7.0;1.0;B01
201200057196;0;1;0;0.0;0.0;0.0;1.0;A01
201200057199;0;1;0;0.0;2.0;1.0;2.0;A01
201200057200;0;1;0;0.0;2.0;2.0;1.0;B01
201200057213;0;1;0;0.0;2.0;2.0;1.0;B01
201200057227;0;1;0;0.0;2.0;0.0;16.0;A01
201200057229;0;1;0;0.0;2.0;1.0;1.0;B01
201200057255;0;1;0;0.0;2.0;1.0;1.0;A01
201200057257;0;1;0;0.0;2.0;8.0;19.0;A01
201200057258;0;1;0;0.0;2.0;1.0;1.0;B01
201200057268;0;1;0;0.0;2.0;3.0;15.0;A01
201200057280;0;1;0;0.0;2.0;1.0;1.0;B01
201200057287;0;1;0;0.0;2.0;2.0;1.0;B01
201200057293;0;1;0;0.0;2.0;2.0;5.0;A01
201200057294;0;1;0;0.0;2.0;7.0;19.0;B01
201200057302;0;1;0;0.0;1.0;1.0;7.0;A01
201200057305;0;1;0;15.0;2.0;4.0;2.0;A01
201200057307;0;1;0;0.0;0.0;0.0;1.0;A01
201200057310;0;1;0;0.0;1.0;7.0;1.0;A01
201200057328;0;1;0;0.0;0.0;0.0;1.0;A01
201200057334;2;1;0;0.0;1.0;1.0;1.0;A01
201200057336;0;1;0;0.0;0.0;1.0;1.0;A01
201200057343;0;1;0;0.0;2.0;4.0;13.0;B01
201200057375;0;1;0;0.0;2.0;1.0;1.0;B01
201200057403;0;1;0;0.0;2.0;8.0;1.0;A01
201200057417;0;1;0;0.0;2.0;8.0;1.0;B01
201200057460;0;1;0;0.0;2.0;0.0;19.0;B01
201200057461;0;1;0;0.0;2.0;1.0;5.0;B01
201200057472;0;1;0;1.0;0.0;1.0;1.0;A01
201200057487;0;1;0;1.0;0.0;6.0;1.0;A01
201200057491;0;1;0;0.0;2.0;1.0;1.0;A01
201200057491;0;1;0;0.0;2.0;1.0;1.0;B01
201200057495;0;1;0;0.0;2.0;1.0;17.0;B01
201200057496;0;1;0;0.0;1.0;0.0;1.0;A01
201200057501;0;1;0;0.0;2.0;8.0;2.0;A01
201200057528;0;1;0;0.0;2.0;4.0;2.0;B01
201200057529;0;1;0;0.0;1.0;1.0;1.0;A01
201200057532;0;1;0;0.0;2.0;4.0;13.0;B01
201200057537;0;1;0;0.0;2.0;8.0;15.0;B01
201200057553;0;1;0;0.0;2.0;1.0;1.0;B01
201200057563;0;1;0;0.0;0.0;4.0;1.0;B01
201200057565;0;1;0;0.0;2.0;1.0;2.0;B01
201200057567;0;1;0;0.0;2.0;4.0;2.0;A01
201200057579;0;1;0;0.0;2.0;8.0;19.0;B01
201200057588;0;1;0;1.0;0.0;1.0;1.0;A01
201200057594;0;1;0;0.0;2.0;4.0;15.0;A01
201200057595;0;1;0;0.0;0.0;0.0;1.0;A01
201200057596;0;1;0;0.0;2.0;1.0;2.0;A01
201200057601;0;1;0;0.0;2.0;5.0;12.0;B01
201200057609;0;1;0;0.0;9.0;0.0;1.0;D01
201200057614;0;1;0;0.0;2.0;4.0;1.0;B01
201200057660;0;1;0;0.0;0.0;0.0;1.0;A01
201200057668;0;1;0;0.0;2.0;2.0;16.0;A01
201200057669;0;1;0;0.0;2.0;5.0;14.0;B01
201200057671;0;1;0;0.0;2.0;1.0;1.0;A01
201200057680;0;1;0;8.0;0.0;1.0;1.0;A01
201200057681;0;1;0;0.0;1.0;2.0;1.0;A01
201200057685;0;1;0;0.0;2.0;4.0;2.0;A01
201200057685;0;1;0;0.0;2.0;4.0;2.0;B01
201200057688;0;1;0;0.0;2.0;1.0;1.0;B01
201200057709;0;1;0;0.0;0.0;1.0;1.0;A01
201200057711;0;1;0;0.0;2.0;1.0;18.0;A01
201200057720;0;1;0;0.0;2.0;2.0;15.0;A01
201200057736;0;1;0;0.0;2.0;1.0;1.0;B01
201200057744;0;1;0;0.0;2.0;8.0;9.0;B01
201200057756;0;1;0;0.0;2.0;2.0;15.0;B01
201200057770;0;1;0;0.0;0.0;1.0;21.0;A01
201200057792;0;1;0;0.0;2.0;1.0;15.0;A01
201200057799;0;1;0;0.0;2.0;6.0;1.0;B01
201200057802;0;1;0;0.0;1.0;1.0;1.0;A01
201200057830;0;1;0;0.0;2.0;5.0;1.0;A01
201200057909;0;1;0;0.0;2.0;1.0;18.0;B01
201200057919;0;1;0;0.0;2.0;1.0;7.0;B01
201200057933;0;1;0;0.0;2.0;0.0;13.0;B01
201200057946;0;1;0;1.0;0.0;2.0;1.0;B01
201200057961;0;1;0;0.0;2.0;1.0;2.0;A01
201200057980;0;1;0;0.0;2.0;8.0;1.0;A01
201200058021;0;1;0;0.0;2.0;7.0;1.0;B01
201200058079;0;1;0;0.0;2.0;1.0;5.0;A01
201200058080;0;1;0;0.0;2.0;8.0;1.0;B01
201200058088;0;1;0;1.0;0.0;1.0;1.0;B01
201200058092;0;1;0;0.0;2.0;6.0;13.0;B01
201200058110;0;1;0;0.0;0.0;0.0;1.0;A01
201200058111;0;1;0;0.0;2.0;2.0;1.0;A01
201200058163;0;1;0;0.0;2.0;8.0;1.0;B01
201200058196;0;1;0;0.0;2.0;8.0;9.0;B01
201200058199;0;1;0;0.0;2.0;2.0;7.0;B01
201200058203;0;1;0;0.0;2.0;1.0;7.0;A01
201200058205;0;1;0;0.0;0.0;4.0;1.0;B01
201200058208;0;1;0;0.0;2.0;7.0;15.0;A01
201200058233;0;1;0;0.0;2.0;1.0;17.0;B01
201200058245;0;1;0;0.0;2.0;1.0;1.0;B01
201200058254;0;1;0;11.0;2.0;8.0;15.0;A01
201200058265;0;1;0;0.0;2.0;8.0;18.0;B01
201200058270;0;1;0;0.0;0.0;4.0;23.0;B01
201200058289;0;1;0;0.0;1.0;0.0;17.0;A01
201200058315;0;1;0;0.0;1.0;1.0;7.0;A01
201200058329;0;1;0;0.0;2.0;8.0;13.0;A01
201200058354;0;1;0;0.0;2.0;7.0;7.0;B01
201200058385;0;1;0;0.0;2.0;7.0;1.0;B01
201200058386;0;1;0;0.0;2.0;3.0;1.0;A01
201200058405;0;1;0;0.0;2.0;1.0;1.0;B01
201200058448;0;1;0;0.0;2.0;1.0;1.0;B01
201200058462;0;1;0;0.0;2.0;1.0;1.0;B01
201200058469;0;1;0;0.0;2.0;4.0;1.0;A01
201200058503;0;1;0;0.0;2.0;4.0;19.0;B01
201200058504;0;1;0;0.0;2.0;3.0;1.0;B01
201200058519;0;1;0;12.0;1.0;3.0;13.0;A01
201200058524;0;1;0;0.0;0.0;1.0;21.0;A01
201200058550;0;1;0;0.0;2.0;8.0;2.0;A01
201200058568;0;1;0;0.0;2.0;3.0;1.0;B01
201200058573;0;1;0;0.0;2.0;1.0;5.0;A01
201200058580;0;1;0;0.0;2.0;1.0;2.0;A01
201200058599;1;1;0;0.0;2.0;7.0;14.0;B01
201200058632;0;1;0;0.0;2.0;8.0;19.0;B01
201200058633;0;1;0;0.0;0.0;1.0;1.0;A01
201200058638;0;1;0;0.0;2.0;1.0;1.0;B01
201200058667;0;1;0;0.0;2.0;0.0;1.0;B01
201200058686;0;1;0;0.0;2.0;1.0;1.0;B01
201200058731;0;1;0;0.0;2.0;1.0;1.0;B01
201200058746;0;1;0;0.0;2.0;8.0;19.0;B01
201200058762;0;1;0;0.0;2.0;8.0;1.0;A01
201200058786;0;1;0;0.0;2.0;3.0;1.0;B01
201200058789;1;1;0;0.0;2.0;1.0;18.0;B01
201200058791;0;1;0;0.0;2.0;3.0;15.0;B01
201200058807;0;1;0;1.0;2.0;2.0;19.0;A01
201200058823;0;1;0;0.0;2.0;1.0;1.0;B01
201200058828;0;1;0;0.0;0.0;7.0;1.0;B01
201200058833;0;1;0;0.0;2.0;1.0;1.0;B01
201200058859;0;1;0;0.0;2.0;1.0;9.0;A01
201200058865;1;1;0;0.0;1.0;1.0;1.0;A01
201200058878;0;1;0;0.0;2.0;8.0;15.0;B01
201200058901;0;1;0;0.0;2.0;6.0;19.0;B01
201200058905;0;1;0;0.0;0.0;0.0;1.0;A01
201200058911;0;1;0;0.0;2.0;0.0;2.0;A01
201200058917;0;1;0;0.0;2.0;2.0;17.0;B01
201200058937;0;1;0;0.0;2.0;1.0;1.0;B01
201200058946;0;1;0;0.0;2.0;1.0;7.0;B01
201200058969;0;1;0;0.0;2.0;1.0;1.0;B01
201200058998;0;1;0;0.0;0.0;0.0;7.0;A01
201200059007;0;1;0;0.0;1.0;3.0;1.0;A01
201200059009;0;1;0;0.0;2.0;8.0;1.0;A01
201200059027;0;1;0;0.0;0.0;1.0;1.0;A01
201200059036;0;1;0;0.0;1.0;1.0;1.0;A01
201200059046;0;1;0;15.0;0.0;1.0;16.0;A01
201200059052;0;1;0;0.0;2.0;3.0;1.0;B01
201200059062;0;1;0;14.0;0.0;8.0;5.0;B01
201200059070;0;1;0;0.0;0.0;0.0;1.0;A01
201200059076;0;1;0;0.0;2.0;1.0;1.0;B01
201200059079;0;1;0;0.0;2.0;4.0;1.0;B01
201200059082;0;1;0;0.0;2.0;1.0;9.0;B01
201200059099;0;1;0;0.0;2.0;1.0;1.0;B01
201200059107;0;1;0;0.0;2.0;5.0;1.0;A01
201200059115;0;1;0;1.0;0.0;1.0;1.0;B01
201200059131;0;1;0;0.0;2.0;1.0;1.0;B01
201200059138;0;1;0;0.0;2.0;1.0;1.0;B01
201200059156;0;1;0;0.0;0.0;1.0;1.0;B01
201200059175;0;1;0;0.0;2.0;7.0;1.0;B01
201200059177;0;1;0;0.0;2.0;1.0;17.0;B01
201200059195;0;1;0;0.0;1.0;1.0;1.0;A01
201200059208;0;1;0;0.0;2.0;1.0;1.0;B01
201200059211;0;1;0;14.0;0.0;1.0;13.0;A01
201200059218;0;1;0;0.0;2.0;1.0;1.0;B01
201200059222;0;1;0;0.0;2.0;1.0;1.0;B01
201200059227;0;1;0;0.0;2.0;1.0;15.0;A01
201200059232;0;1;0;0.0;0.0;0.0;1.0;A01
201200059242;0;1;0;14.0;2.0;7.0;17.0;B01
201200059251;0;1;0;0.0;1.0;2.0;16.0;A01
201200059255;0;1;0;12.0;0.0;2.0;14.0;A01
201200059257;0;1;0;0.0;2.0;4.0;19.0;B01
201200059263;0;1;0;0.0;2.0;1.0;1.0;A01
201200059267;0;1;0;0.0;2.0;1.0;17.0;B01
201200059268;0;1;0;0.0;2.0;0.0;1.0;A01
201200059269;0;1;0;0.0;0.0;2.0;1.0;A01
201200059275;0;1;0;0.0;0.0;0.0;15.0;A01
201200059277;0;1;0;0.0;2.0;8.0;15.0;B01
201200059296;0;1;0;0.0;0.0;0.0;1.0;A01
201200059318;0;1;0;0.0;1.0;1.0;1.0;A01
201200059319;0;1;0;0.0;2.0;4.0;1.0;B01
201200059329;0;1;0;0.0;2.0;7.0;1.0;B01
201200059337;0;1;0;0.0;2.0;3.0;9.0;B01
201200059341;0;1;0;0.0;2.0;1.0;1.0;B01
201200059377;0;1;0;0.0;2.0;4.0;2.0;A01
201200059382;0;1;0;0.0;1.0;1.0;1.0;A01
201200059450;0;1;0;1.0;2.0;7.0;17.0;B01
201200059461;0;1;0;0.0;2.0;8.0;1.0;B01
201200059480;0;1;0;0.0;1.0;1.0;16.0;A01
201200059491;0;1;0;0.0;2.0;3.0;1.0;A01
201200059507;0;1;0;0.0;2.0;6.0;15.0;B01
201200059512;0;1;0;0.0;2.0;8.0;1.0;B01
201200059517;0;1;0;0.0;2.0;0.0;16.0;B01
201200059519;0;1;0;0.0;2.0;8.0;15.0;A01
201200059526;0;1;0;14.0;0.0;1.0;9.0;A01
201200059530;0;1;0;0.0;2.0;4.0;1.0;B01
201200059533;0;1;0;1.0;0.0;2.0;1.0;A01
201200059538;0;1;0;0.0;1.0;1.0;1.0;A01
201200059552;0;1;0;0.0;2.0;1.0;1.0;B01
201200059559;0;1;0;0.0;2.0;8.0;1.0;B01
201200059561;0;1;0;0.0;2.0;6.0;11.0;A01
201200059602;0;1;0;0.0;2.0;8.0;1.0;A01
201200059638;0;1;0;0.0;2.0;1.0;13.0;A01
201200059645;0;1;0;0.0;2.0;8.0;1.0;B01
201200059659;0;1;0;0.0;2.0;7.0;16.0;B01
201200059665;0;1;0;0.0;1.0;2.0;1.0;A01
201200059684;0;1;0;0.0;2.0;1.0;1.0;B01
201200059686;0;1;0;0.0;2.0;1.0;1.0;A01
201200059702;0;1;0;0.0;2.0;8.0;18.0;A01
201200059713;0;1;0;0.0;2.0;8.0;18.0;B01
201200059721;0;1;0;0.0;2.0;4.0;16.0;A01
201200059748;0;1;0;0.0;1.0;1.0;1.0;A01
201200059751;0;1;0;0.0;2.0;8.0;1.0;B01
201200059756;0;1;0;0.0;2.0;0.0;7.0;B01
201200059785;0;1;0;2.0;2.0;6.0;1.0;B01
201200060446;0;1;0;0.0;2.0;1.0;22.0;B02
201200060453;0;1;0;0.0;2.0;1.0;1.0;B02
201200060491;0;1;0;0.0;2.0;1.0;1.0;B02
201200060516;0;1;0;0.0;2.0;6.0;1.0;A01
201200060537;0;1;0;0.0;2.0;6.0;21.0;B02
201200060543;0;1;0;0.0;2.0;4.0;14.0;B02
201200060554;0;1;0;0.0;2.0;8.0;2.0;C03
201200060561;0;1;0;0.0;2.0;3.0;19.0;B02
201200060567;0;1;0;0.0;2.0;1.0;1.0;B02
201200060600;0;1;0;0.0;2.0;8.0;15.0;B02
201200060622;0;1;0;0.0;0.0;4.0;1.0;B02
201200060625;0;1;0;0.0;2.0;1.0;10.0;B02
201200060643;0;1;0;1.0;0.0;1.0;1.0;A01
201200060662;0;1;0;0.0;2.0;0.0;2.0;B02
201200060663;0;1;0;0.0;2.0;1.0;1.0;A01
201200060681;0;1;0;0.0;2.0;1.0;1.0;B02
201200060687;0;1;0;0.0;2.0;4.0;1.0;C03
201200060698;0;1;0;0.0;2.0;3.0;15.0;B02
201200060704;0;1;0;0.0;2.0;7.0;15.0;B02
201200060706;0;1;0;0.0;2.0;6.0;19.0;B02
201200060714;0;1;0;1.0;0.0;1.0;1.0;C03
201200060714;0;1;0;1.0;0.0;1.0;1.0;B02
201200060730;0;1;0;1.0;0.0;1.0;1.0;A01
201200060736;0;1;0;0.0;2.0;1.0;1.0;B02
201200060746;0;1;0;0.0;2.0;4.0;1.0;B02
201200060752;0;1;0;0.0;2.0;1.0;13.0;B02
201200060759;0;1;0;0.0;2.0;1.0;1.0;A01
201200060761;0;1;0;1.0;0.0;7.0;14.0;A01
201200060766;0;1;0;0.0;2.0;7.0;2.0;B02
201200060767;0;1;0;0.0;0.0;6.0;1.0;A01
201200060778;0;1;0;0.0;2.0;1.0;1.0;B02
201200060788;0;1;0;0.0;2.0;2.0;17.0;B02
201200060796;0;1;0;0.0;2.0;1.0;1.0;B02
201200060801;0;1;0;0.0;2.0;1.0;0.0;B02
201200060811;0;1;0;0.0;2.0;4.0;1.0;A01
201200060824;0;1;0;10.0;0.0;1.0;1.0;A01
201200060836;0;1;0;0.0;2.0;1.0;1.0;B02
201200060870;0;1;0;0.0;2.0;1.0;19.0;B02
201200060885;0;1;0;0.0;0.0;4.0;2.0;B02
201200060914;0;1;0;0.0;0.0;0.0;2.0;B02
201200060923;0;1;0;0.0;2.0;1.0;19.0;A01
201200060925;0;1;0;0.0;2.0;6.0;1.0;B02
201200060940;0;1;0;0.0;2.0;0.0;1.0;G07
201200060940;0;1;0;0.0;2.0;0.0;1.0;E05
201200060940;0;1;0;0.0;2.0;0.0;1.0;D04
201200060940;0;1;0;0.0;2.0;0.0;1.0;L12
201200060940;0;1;0;0.0;2.0;0.0;1.0;C03
201200060940;0;1;0;0.0;2.0;0.0;1.0;J10
201200060940;0;1;0;0.0;2.0;0.0;1.0;F06
201200060940;0;1;0;0.0;2.0;0.0;1.0;K11
201200060940;0;1;0;0.0;2.0;0.0;1.0;H08
201200060940;0;1;0;0.0;2.0;0.0;1.0;I09
201200060940;0;1;0;0.0;2.0;0.0;1.0;B02
201200060941;0;1;0;0.0;2.0;1.0;1.0;A01
201200060947;0;1;0;0.0;2.0;1.0;1.0;A01
201200060953;0;1;0;0.0;2.0;6.0;1.0;B02
201200060958;0;1;0;0.0;2.0;3.0;11.0;A01
201200060963;0;1;0;0.0;2.0;8.0;15.0;B02
201200060972;0;1;0;0.0;2.0;1.0;15.0;A01
201200060972;0;1;0;0.0;2.0;1.0;1.0;B02
201200060997;0;1;0;0.0;2.0;6.0;9.0;B02
201200061016;0;1;0;1.0;0.0;1.0;2.0;B02
201200061016;0;1;0;1.0;0.0;1.0;2.0;C03
201200061027;0;1;0;0.0;2.0;4.0;1.0;B02
201200061034;0;1;0;0.0;2.0;4.0;1.0;B02
201200061045;0;1;0;0.0;2.0;1.0;1.0;B02
201200061050;0;1;0;0.0;2.0;1.0;1.0;B02
201200061050;0;1;0;0.0;2.0;1.0;1.0;C03
201200061050;0;1;0;0.0;2.0;1.0;1.0;D04
201200061112;0;1;0;0.0;2.0;1.0;1.0;A01
201200061113;0;1;0;0.0;2.0;1.0;19.0;B01
201200061130;0;1;0;0.0;0.0;1.0;2.0;B01
201200061133;0;1;0;0.0;2.0;1.0;0.0;A01
201200061154;0;1;0;0.0;2.0;1.0;19.0;B01
201200061162;0;1;0;0.0;2.0;4.0;2.0;B01
201200061163;0;1;0;0.0;2.0;8.0;5.0;B01
201200061189;0;1;0;0.0;2.0;1.0;0.0;B01
201200061193;0;1;0;0.0;2.0;4.0;1.0;B01
201200061194;0;1;0;0.0;2.0;4.0;2.0;B01
201200061199;0;1;0;0.0;2.0;0.0;2.0;B01
201200061203;0;1;0;0.0;2.0;8.0;19.0;B01
201200061232;0;1;0;0.0;2.0;0.0;0.0;B01
201200061259;0;1;0;0.0;2.0;8.0;9.0;B01
201200061298;0;1;0;0.0;2.0;1.0;13.0;A01
201200061429;0;1;0;0.0;2.0;1.0;0.0;B01
201200061443;0;1;0;0.0;9.0;0.0;0.0;B01
201200061452;0;1;0;0.0;2.0;1.0;1.0;B01
201200061478;0;1;0;0.0;2.0;4.0;2.0;B01
201200061510;0;1;0;0.0;2.0;8.0;19.0;B01
201200061512;0;1;0;0.0;2.0;1.0;1.0;B01
201200061522;0;1;0;0.0;0.0;7.0;0.0;B01
201200061539;0;1;0;0.0;2.0;6.0;15.0;A01
201200061557;0;1;0;0.0;2.0;1.0;1.0;B01
201200061563;0;1;0;0.0;2.0;4.0;10.0;B01
201200061566;0;1;0;0.0;2.0;0.0;9.0;A01
201200061567;0;1;0;0.0;2.0;1.0;1.0;B01
201200061569;0;1;0;0.0;2.0;8.0;13.0;B01
201200061570;0;1;0;0.0;2.0;8.0;1.0;B01
201200061570;0;1;0;0.0;2.0;8.0;1.0;C01
201200061573;0;1;0;0.0;2.0;4.0;19.0;A01
201200061580;0;1;0;0.0;2.0;1.0;2.0;B01
201200061585;0;1;0;0.0;2.0;8.0;1.0;B01
201200061589;0;1;0;0.0;2.0;8.0;5.0;A01
201200061622;0;1;0;0.0;2.0;4.0;1.0;B01
201200061626;0;1;0;0.0;2.0;0.0;15.0;A01
201200061632;0;1;0;0.0;2.0;7.0;19.0;A01
201200061653;0;1;0;0.0;0.0;4.0;1.0;B01
201200061655;0;1;0;0.0;2.0;5.0;2.0;A01
201200061658;0;1;0;0.0;2.0;1.0;5.0;A01
201200061666;0;1;0;0.0;2.0;4.0;1.0;A01
201200061672;0;1;0;0.0;2.0;1.0;1.0;B01
201200061674;0;1;0;0.0;2.0;3.0;13.0;B01
201200061690;0;1;0;0.0;2.0;4.0;1.0;B01
201200061691;0;1;0;0.0;9.0;8.0;19.0;A01
201200061702;0;1;0;0.0;2.0;1.0;13.0;A01
201200061705;0;1;0;0.0;2.0;1.0;1.0;B01
201200061714;0;1;0;0.0;2.0;8.0;19.0;B01
201200061716;0;1;0;0.0;2.0;7.0;1.0;B01
201200061719;0;1;0;0.0;2.0;5.0;1.0;B01
201200061735;0;1;0;0.0;2.0;1.0;9.0;B01
201200061736;0;1;0;0.0;2.0;1.0;1.0;A01
201200061739;0;1;0;0.0;2.0;7.0;1.0;B01
201200061743;0;1;0;0.0;2.0;1.0;15.0;B01
201200061744;0;1;0;0.0;2.0;1.0;13.0;B01
201200061748;0;1;0;0.0;9.0;4.0;1.0;B01
201200061762;0;1;0;1.0;0.0;1.0;1.0;A01
201200061773;0;1;0;0.0;2.0;7.0;1.0;B01
201200061799;0;1;0;0.0;2.0;1.0;1.0;B01
201200061810;0;1;0;0.0;2.0;1.0;15.0;A01
201200061812;0;1;0;0.0;2.0;1.0;1.0;B01
201200061812;0;1;0;0.0;2.0;0.0;1.0;C01
201200061817;0;1;0;0.0;2.0;1.0;13.0;A01
201200061819;0;1;0;0.0;2.0;1.0;9.0;A01
201200061825;0;1;0;0.0;1.0;1.0;;A01
201200061835;0;1;0;0.0;2.0;1.0;18.0;B01
201200061838;0;1;0;0.0;2.0;4.0;1.0;A02
201200061842;0;1;0;0.0;2.0;0.0;1.0;B01
201200061849;0;1;0;0.0;2.0;1.0;19.0;A01
201200061850;0;1;0;0.0;0.0;0.0;1.0;A01
201200061858;0;1;0;0.0;2.0;1.0;1.0;A01
201200061867;0;1;0;0.0;2.0;1.0;1.0;B01
201200061872;0;1;0;0.0;2.0;1.0;1.0;B01
201200061873;0;1;0;0.0;0.0;4.0;2.0;B01
201200061878;0;1;0;0.0;2.0;1.0;1.0;B01
201200061924;0;1;0;0.0;2.0;8.0;0.0;B01
201200061928;0;1;0;0.0;0.0;0.0;0.0;B01
201200061986;0;1;0;0.0;2.0;8.0;15.0;B01
201200062008;0;1;0;0.0;2.0;1.0;10.0;A01
201200062009;0;1;0;0.0;2.0;1.0;1.0;B01
201200062021;0;1;0;0.0;0.0;0.0;1.0;A01
201200062028;0;1;0;0.0;2.0;8.0;1.0;A01
201200062033;0;1;0;0.0;1.0;1.0;1.0;A01
201200062054;0;1;0;16.0;0.0;0.0;1.0;A01
201200062057;0;1;0;16.0;0.0;0.0;1.0;A01
201200062069;0;1;0;16.0;0.0;0.0;1.0;A01
201200062071;0;1;0;0.0;2.0;1.0;9.0;B01
201200062097;0;1;0;16.0;0.0;0.0;1.0;A01
201200062108;0;1;0;0.0;2.0;1.0;19.0;B01
201200062130;0;1;0;0.0;2.0;1.0;17.0;B01
201200062141;0;1;0;0.0;9.0;0.0;1.0;A01
201200062147;0;1;0;0.0;9.0;1.0;1.0;B01
201200062153;0;1;0;0.0;9.0;0.0;1.0;A01
201200062154;0;1;0;1.0;2.0;2.0;9.0;A01
201200062158;0;1;0;0.0;2.0;2.0;2.0;B01
201200062160;0;1;0;0.0;9.0;0.0;1.0;A01
201200062164;0;1;0;0.0;2.0;1.0;9.0;B01
201200062170;0;1;0;0.0;2.0;1.0;1.0;B01
201200062214;0;1;0;0.0;2.0;1.0;1.0;B01
201200062217;0;1;0;0.0;0.0;8.0;1.0;B01
201200062230;0;1;0;0.0;2.0;3.0;1.0;A01
201200062249;0;1;0;0.0;2.0;4.0;1.0;B01
201200062249;0;1;0;0.0;2.0;4.0;1.0;A01